{
  "formatVersion": 1,
  "database": {
    "version": 1,
    "identityHash": "647270419fbb0f2c1c03af6251bb692e",
    "entities": [
      {
        "tableName": "spendings",
        "createSql": "CREATE TABLE IF NOT EXISTS `${TABLE_NAME}` (`spending_id` INTEGER NOT NULL, `user_name` TEXT NOT NULL, `item_name` TEXT NOT NULL, `item_price` TEXT NOT NULL, `item_category` TEXT NOT NULL, `purchase_date` TEXT NOT NULL, PRIMARY KEY(`spending_id`))",
        "fields": [
          {
            "fieldPath": "spendingId",
            "columnName": "spending_id",
            "affinity": "INTEGER",
            "notNull": true
          },
          {
            "fieldPath": "userName",
            "columnName": "user_name",
            "affinity": "TEXT",
            "notNull": true
          },
          {
            "fieldPath": "spendingName",
            "columnName": "item_name",
            "affinity": "TEXT",
            "notNull": true
          },
          {
            "fieldPath": "spendingPrice",
            "columnName": "item_price",
            "affinity": "TEXT",
            "notNull": true
          },
          {
            "fieldPath": "spendingCategory",
            "columnName": "item_category",
            "affinity": "TEXT",
            "notNull": true
          },
          {
            "fieldPath": "purchaseDate",
            "columnName": "purchase_date",
            "affinity": "TEXT",
            "notNull": true
          }
        ],
        "primaryKey": {
          "columnNames": [
            "spending_id"
          ],
          "autoGenerate": false
        },
        "indices": [],
        "foreignKeys": []
      }
    ],
    "views": [],
    "setupQueries": [
      "CREATE TABLE IF NOT EXISTS room_master_table (id INTEGER PRIMARY KEY,identity_hash TEXT)",
      "INSERT OR REPLACE INTO room_master_table (id,identity_hash) VALUES(42, '647270419fbb0f2c1c03af6251bb692e')"
    ]
  }
}